replay_buffer/size,trainer/QF1 Loss,trainer/QF2 Loss,trainer/Policy Loss,trainer/Q1 Predictions Mean,trainer/Q1 Predictions Std,trainer/Q1 Predictions Max,trainer/Q1 Predictions Min,trainer/Q2 Predictions Mean,trainer/Q2 Predictions Std,trainer/Q2 Predictions Max,trainer/Q2 Predictions Min,trainer/Q Targets Mean,trainer/Q Targets Std,trainer/Q Targets Max,trainer/Q Targets Min,trainer/Log Pis Mean,trainer/Log Pis Std,trainer/Log Pis Max,trainer/Log Pis Min,trainer/Policy mu Mean,trainer/Policy mu Std,trainer/Policy mu Max,trainer/Policy mu Min,trainer/Policy log std Mean,trainer/Policy log std Std,trainer/Policy log std Max,trainer/Policy log std Min,trainer/Alpha,trainer/Alpha Loss,exploration/num steps total,exploration/num paths total,exploration/path length Mean,exploration/path length Std,exploration/path length Max,exploration/path length Min,exploration/Rewards Mean,exploration/Rewards Std,exploration/Rewards Max,exploration/Rewards Min,exploration/Returns Mean,exploration/Returns Std,exploration/Returns Max,exploration/Returns Min,exploration/Actions Mean,exploration/Actions Std,exploration/Actions Max,exploration/Actions Min,exploration/Num Paths,exploration/Average Returns,evaluation/num steps total,evaluation/num paths total,evaluation/path length Mean,evaluation/path length Std,evaluation/path length Max,evaluation/path length Min,evaluation/Rewards Mean,evaluation/Rewards Std,evaluation/Rewards Max,evaluation/Rewards Min,evaluation/Returns Mean,evaluation/Returns Std,evaluation/Returns Max,evaluation/Returns Min,evaluation/ExplReturns Mean,evaluation/ExplReturns Std,evaluation/ExplReturns Max,evaluation/ExplReturns Min,evaluation/Actions Mean,evaluation/Actions Std,evaluation/Actions Max,evaluation/Actions Min,evaluation/Num Paths,evaluation/Average Returns,time/data storing (s),time/evaluation sampling (s),time/exploration sampling (s),time/logging (s),time/saving (s),time/training (s),time/epoch (s),time/total (s),Epoch
5800,22.333199,22.328184,-4.6141834,0.00020631388,0.0010615415,0.002666673,-0.0020273025,0.00072033115,0.0014488703,0.0043309396,-0.0026621157,4.688229,0.5963216,6.0945215,2.8521643,-4.614458,0.55624455,-3.0038552,-5.755213,0.0007147196,0.0013106661,0.0050501637,-0.0014102843,-0.00049042737,0.00096708856,0.0017031434,-0.0031107194,0.9990004897117615,-0.0,5800,12,500.0,0.0,500,500,0.05242583408174265,0.06712032201213966,0.3220050018722009,-0.0001834934229582351,26.21291704087132,19.53323519160629,55.747582753559314,0.3299746553738582,-0.0023014676,0.6253008,0.99896604,-0.9993453,5,26.21291704087132,2500,5,500.0,0.0,500,500,0.008193267532405494,0.00243680131430602,0.011380606033533573,0.0035089673333240866,4.096633766202748,1.2159090442373925,5.631176669211373,1.9446734016901233,4.096633766202748,1.2159090442373925,5.631176669211373,1.9446734016901233,0.0006920361,0.0013703816,0.0033819072,-0.0010158499,5,4.096633766202748,0.012796527007594705,176.31361585203558,202.36437398404814,0.012214778922498226,0.010095302015542984,6.095293086022139,384.8083895300515,700.7000372670591,0
8300,0.014951382,0.015469528,-7.5973907,2.8783855,0.07990092,3.1990187,2.652762,2.8855362,0.07066185,3.1559951,2.7340846,2.8883421,0.14595763,3.4424298,2.6331878,-4.7254205,0.28604496,-3.9029646,-5.6913953,-0.005624854,0.015221268,0.023777874,-0.04166312,-0.12469292,0.008599772,-0.10263059,-0.15545298,0.367403507232666,-11.728879928588867,8300,17,500.0,0.0,500,500,0.02534251889217128,0.049972253627285024,0.3597792503871425,-0.000469649568637218,12.671259446085642,16.90171212969544,44.144643699109245,0.04825460894580074,-0.0040838337,0.58883613,0.99772173,-0.99715286,5,12.671259446085642,5000,10,500.0,0.0,500,500,0.031832139919529386,0.024589680064401934,0.11954197667729041,0.005337132341137124,15.916069959764693,6.344873591947416,27.943287943187592,10.6328461769234,15.916069959764693,6.344873591947416,27.943287943187592,10.6328461769234,-0.0058698943,0.015289213,0.017442532,-0.03433205,5,15.916069959764693,0.012560688890516758,177.76991172111593,199.3700937309768,0.011723744915798306,0.008190862135961652,6.714438469149172,383.8869192171842,1084.5888036079705,1
10800,0.0041926205,0.004144975,-7.4396734,2.675946,0.115752615,3.1265032,2.5056303,2.6792808,0.11448702,3.0946062,2.4927588,2.6817203,0.12322294,3.2857397,2.4918826,-4.7694902,0.3131508,-4.043048,-6.1454234,0.0062390715,0.013028388,0.035974994,-0.009450314,-0.13019793,0.009584709,-0.10570195,-0.15680008,0.13516318798065186,-23.542192459106445,10800,22,500.0,0.0,500,500,0.041254551454772664,0.08277577362085684,0.5192097871846492,-0.0003557190302357485,20.627275727386337,27.99490247156734,71.83916664119536,0.26126612455050885,0.003224538,0.5856027,0.9959101,-0.99734634,5,20.627275727386337,7500,15,500.0,0.0,500,500,0.01164750997665754,0.002568974524900708,0.016417163435659167,0.007170039412889837,5.823754988328768,1.1616717863980979,7.552540392735684,4.513678219202121,5.823754988328768,1.1616717863980979,7.552540392735684,4.513678219202121,0.0053459853,0.011502378,0.028114574,-0.0068042795,5,5.823754988328768,0.01271221786737442,175.10023555206135,198.1505337639246,0.011561246123164892,0.005821136059239507,6.692210071021691,379.97307398705743,1464.5638039524201,2
13300,0.0019060583,0.0018702853,-7.416334,2.6548138,0.15625343,3.2860453,2.450934,2.651064,0.15251194,3.2404313,2.4593163,2.6496487,0.15818913,3.3580544,2.4873972,-4.7728834,0.3181349,-3.8474422,-5.466669,0.003108917,0.032313924,0.14772156,-0.09380754,-0.104023755,0.007559744,-0.06737611,-0.1307517,0.04973366856575012,-35.319522857666016,13300,27,500.0,0.0,500,500,0.046709527850584326,0.08480615269146273,0.5108352500444897,-0.00024267283888667674,23.35476392529216,32.113748774423726,84.95066252619905,0.025220485772872163,0.0033580433,0.5977184,0.99965465,-0.99972016,5,23.35476392529216,10000,20,500.0,0.0,500,500,0.02240569724841453,0.01886049563206871,0.1068678691496205,0.0012097660692372712,11.202848624207268,4.963148740444391,20.70986545772061,6.108827144690896,11.202848624207268,4.963148740444391,20.70986545772061,6.108827144690896,-0.0033836395,0.029972823,0.053452943,-0.056382846,5,11.202848624207268,0.012587679084390402,172.45246875402518,204.49209035397507,0.011750362813472748,0.007657534908503294,6.615641684969887,383.5921963697765,1848.1576581571717,3
15800,0.0026348033,0.0036439667,-7.297695,2.716419,0.27437264,3.5856566,2.3248806,2.7073214,0.26952237,3.561201,2.184992,2.7187607,0.29462388,3.5871854,2.2930114,-4.592997,0.57603806,-2.8885407,-5.931506,-0.0077814176,0.14820147,0.5174716,-0.73824936,-0.08210111,0.01806412,-0.047536813,-0.17964338,0.018344372510910034,-46.34233093261719,15800,32,500.0,0.0,500,500,0.11483031496280478,0.14643621467730816,0.5313917796259626,-0.00496513673647471,57.41515748140239,53.279109532742545,158.15522371927008,9.842942380684159,-0.0074935197,0.60765386,0.9982315,-0.9962225,5,57.41515748140239,12500,25,500.0,0.0,500,500,0.029414645767820064,0.04972489701815233,0.25555256239797874,-0.003320363800206068,14.707322883910033,12.407654358090218,38.959472808225,6.0976927834586085,14.707322883910033,12.407654358090218,38.959472808225,6.0976927834586085,-0.022806054,0.11247487,0.3949864,-0.5536971,5,14.707322883910033,0.012736747972667217,211.83778913808055,382.33943211403675,0.011200658977031708,0.005152300000190735,6.614335531136021,600.8206464902032,2448.9799284911714,4
18300,0.0025994538,0.0028833859,-6.237344,2.740821,0.3323787,3.8370082,2.00509,2.742076,0.33596405,3.8311331,1.9738963,2.743548,0.33008865,3.8868423,2.103453,-3.496511,1.672631,0.5524645,-7.336617,0.050163902,0.49984205,1.3502942,-1.3715048,-0.089763045,0.09913923,0.04149811,-0.3946438,0.0069393496960401535,-52.16354751586914,18300,37,500.0,0.0,500,500,0.03124589560515424,0.07481199029006727,0.484914218104876,-0.012231270396048197,15.622947802577116,12.148199304283596,27.207423592166027,-0.5311526134872555,0.045331117,0.6372066,0.99965924,-0.9983034,5,15.622947802577116,15000,30,500.0,0.0,500,500,0.10516592792212665,0.05171473663987181,0.476392420455305,0.005238627950828769,52.582963961063356,7.5060593834628335,60.60968498948689,40.748053803485874,52.582963961063356,7.5060593834628335,60.60968498948689,40.748053803485874,0.114626236,0.43296054,0.8939305,-0.9185837,5,52.582963961063356,0.012547150021418929,293.64886499987915,257.5052395069506,0.011775598861277103,0.008284015813842416,6.821824229089543,558.0085355006158,3006.990065527847,5
20800,0.002264098,0.004913666,-3.039341,2.7527714,0.38441867,4.2427664,2.136281,2.7552514,0.38120872,4.1358953,2.1331346,2.7434287,0.38737,4.167205,2.179371,-0.27457726,3.399298,8.691644,-7.740506,0.040539443,1.035524,2.6455657,-2.2494264,-0.17282288,0.2083058,0.36825716,-0.784672,0.002899735001847148,-42.50090789794922,20800,42,500.0,0.0,500,500,0.038247936287681944,0.07074352818379186,0.37323816530437703,-0.010917051552562876,19.123968143840962,14.393032095521884,42.89263476637216,2.1452439513892054,0.029485341,0.7154685,0.99967813,-0.9997867,5,19.123968143840962,17500,35,500.0,0.0,500,500,0.013416098117022247,0.040839268725458996,0.347952989708916,-0.0020031435632239473,6.708049058511127,3.46998510521547,12.70149526821053,2.428797826645142,6.708049058511127,3.46998510521547,12.70149526821053,2.428797826645142,-0.0059097125,0.47485763,0.99434555,-0.9966482,5,6.708049058511127,0.012658858904615045,188.88126580999233,224.46178659494035,0.011124429991468787,0.0077738778200000525,6.615254637086764,419.9898642087355,3426.9817712870426,6
23300,0.005381693,0.0036433274,0.7517543,2.8635736,0.56366557,4.9131784,2.1779869,2.8396144,0.5611917,4.9289646,2.1609826,2.8466215,0.5561716,4.87899,2.208482,3.6185062,4.6519256,17.296896,-5.202822,-0.26000172,1.3249565,2.498971,-3.92558,-0.2729577,0.24359116,0.36811283,-0.90425026,0.0015114790294319391,-21.96016502380371,23300,48,416.6666666666667,101.27465406287772,500,226,0.16808756585315943,0.14787524502567723,0.536413292886422,-0.02757307694209116,70.03648577214977,29.910120227719805,130.20046452381712,33.95190981435312,-0.043461,0.68704367,0.99984604,-0.9999051,6,70.03648577214977,20000,40,500.0,0.0,500,500,0.17543007496829585,0.10841706640314477,0.41569670069526543,-0.010662402085599263,87.71503748414793,46.420307544625814,156.70344408280408,24.89700973683766,87.71503748414793,46.420307544625814,156.70344408280408,24.89700973683766,-0.05482779,0.4822884,0.99333906,-0.9980551,5,87.71503748414793,0.012480753939598799,236.16140609886497,410.8547468360048,0.011280362028628588,0.006131163099780679,6.703578869113699,653.7496240830515,4080.732983550057,7
25800,0.00624711,0.004469611,3.5848122,2.8933973,0.6481863,4.757847,2.149543,2.8858967,0.63979053,4.7816515,2.1732266,2.8962631,0.64643586,4.6993575,2.1754177,6.5041246,5.4550753,19.392265,-5.405837,-0.45456547,1.5437878,3.0785165,-3.5690243,-0.43198442,0.2807752,0.2838457,-1.2073829,0.0011357881594449282,-3.3622324466705322,25800,53,500.0,0.0,500,500,0.338604116326013,0.13448042934737897,0.5355444087345125,-0.04137853630041946,169.3020581630065,30.989015662118994,213.88014601686584,116.54127836160552,-0.08068791,0.68818665,0.9988057,-0.9995622,5,169.3020581630065,22500,45,500.0,0.0,500,500,0.3388060672954208,0.07535642240812157,0.532103631548148,0.007147923172485626,169.40303364771052,12.806595953891371,187.57490155767462,155.92014744393023,169.40303364771052,12.806595953891371,187.57490155767462,155.92014744393023,-0.10405619,0.652359,0.9988551,-0.99914795,5,169.40303364771052,0.012663068948313594,386.4326912728138,654.0947981779464,0.011184151051566005,0.0065219649113714695,6.654807972023264,1047.2126666076947,5127.947295567952,8
28300,0.0046856115,0.0056816777,3.980523,3.229218,0.87037545,5.310438,2.12381,3.2498982,0.88242745,5.3683496,2.1687334,3.2368646,0.85622364,5.3545012,2.15325,7.252509,4.673534,20.787083,-1.6128081,-0.29287633,1.561728,3.8361993,-4.224099,-0.58306974,0.29871,0.21137503,-1.5083339,0.0011090149637311697,1.7181499004364014,28300,60,357.14285714285717,125.55525655654402,500,201,0.2726828674006341,0.12794066378035476,0.545434345540345,0.00861448204692549,97.3867383573693,18.029925497036178,134.05817109422622,74.6523455001406,-0.042503145,0.6742218,0.9993213,-0.99963576,7,97.3867383573693,25000,50,500.0,0.0,500,500,0.3479915096351925,0.09874171621326883,0.5505209443811417,0.006646899519099866,173.99575481759624,31.24682506006108,221.0314817848299,125.11309473293352,173.99575481759624,31.24682506006108,221.0314817848299,125.11309473293352,0.058239322,0.551457,0.99253386,-0.9969577,5,173.99575481759624,0.012740130070596933,415.97671151696704,760.787021502154,0.011205804999917746,0.005127378972247243,6.6229394669644535,1183.4157458001282,6311.364697129931,9
30800,0.008414483,0.010353867,5.105096,3.2233715,0.9390824,5.6772304,1.972905,3.1904507,0.93757045,5.5696945,1.901865,3.2200074,0.94041896,5.554853,2.0436628,8.360212,6.3506765,31.808474,-3.3408859,0.0132182585,1.7255334,4.3034105,-3.8420374,-0.5900964,0.3400917,0.19732639,-1.6934038,0.0012816799571737647,9.059410095214844,30800,66,416.6666666666667,173.69289629176612,500,29,0.05706688302858245,0.093364875610522,0.5286927083609856,-0.04212310825801088,23.777867928576004,12.541982289703036,42.39833641963501,3.1257192183426272,-0.06899334,0.6284423,0.9986862,-0.99896014,6,23.777867928576004,27500,55,500.0,0.0,500,500,0.06484674051050361,0.07895095672724907,0.4957456625368935,0.004479155790238397,32.42337025525179,9.720842645793175,46.0417560377178,17.56168096657561,32.42337025525179,9.720842645793175,46.0417560377178,17.56168096657561,-0.05884399,0.5459017,0.98894435,-0.98389524,5,32.42337025525179,0.012676212005317211,348.9565817140974,416.1202306279447,0.011543171014636755,0.005159259075298905,6.597117619821802,771.7033086039592,7083.0696057861205,10
33300,0.0035083445,0.004594114,3.8040252,3.291654,1.068626,6.0153694,1.9749451,3.303999,1.058292,5.9845023,2.0041025,3.2986116,1.0664027,5.9057746,1.9771948,7.1636066,5.0960283,22.982346,-4.5502887,-0.41541836,1.5623977,3.2081995,-3.5389664,-0.58051056,0.32346773,0.32693136,-1.9344192,0.0013905534287914634,1.0763105154037476,33300,72,416.6666666666667,162.6424162251519,500,54,0.3884720735834933,0.11094187431139164,0.5380113632859918,0.0066206788049310555,161.86336399312225,68.46955431315376,219.72565539310847,11.954091281321006,-0.01729188,0.6918237,0.99918413,-0.999743,6,161.86336399312225,30000,60,500.0,0.0,500,500,0.42009825735833173,0.11257719217645963,0.5429452517066242,0.008125045262250937,210.0491286791659,26.531286843433964,251.55048713699705,179.42542973642864,210.0491286791659,26.531286843433964,251.55048713699705,179.42542973642864,0.060228985,0.6375153,0.9987524,-0.99889016,5,210.0491286791659,0.012649145908653736,395.5995627059601,720.3004560931586,0.011161253089085221,0.007461216999217868,6.6104095519986,1122.5416999671143,8205.61292189802,11
35800,0.0040027173,0.005102407,2.781598,3.5028834,1.2621399,6.482586,1.6909366,3.491036,1.2592208,6.5061727,1.683241,3.4848263,1.2550378,6.415837,1.6877822,6.344658,4.5439515,18.89835,-5.4739475,-0.37494108,1.4933063,2.9815476,-3.4645238,-0.6513272,0.36042917,0.4820435,-1.8430734,0.0015166823286563158,-4.254316329956055,35800,77,500.0,0.0,500,500,0.37795545251102675,0.11280750440544683,0.5426865898884077,0.009284251481538221,188.9777262555135,38.6020802863521,236.21823914583362,128.97568715559103,-0.058155537,0.6304431,0.9982799,-0.9998507,5,188.9777262555135,32500,65,500.0,0.0,500,500,0.3108101961245665,0.066653820876343,0.5258783974055841,0.007783444124949718,155.4050980622832,22.239772814135925,183.83638675067732,126.33433488191741,155.4050980622832,22.239772814135925,183.83638675067732,126.33433488191741,-0.1204799,0.53352666,0.9931213,-0.9995067,5,155.4050980622832,0.01256737788207829,347.0753430649638,601.0647164927796,0.01150448713451624,0.005544343031942844,6.701120425015688,954.8707961908076,9160.485320696607,12
38300,0.008896346,0.007254278,1.689448,4.002672,1.547019,7.4978256,2.0305634,4.001894,1.5393597,7.492533,2.025878,3.9659104,1.5266883,7.293984,1.9824047,5.764604,5.005522,26.046446,-3.1405425,0.02681988,1.4779071,3.5828998,-3.193567,-0.7186342,0.3563719,0.20390677,-2.0450354,0.0016193039482459426,-7.938007354736328,38300,82,500.0,0.0,500,500,0.41279652333473793,0.1022787322200724,0.5480593386524456,0.007262572057193791,206.398261667369,25.065480478910104,240.66376720941525,175.0936669882446,0.025221428,0.59705025,0.9992594,-0.9992913,5,206.398261667369,34768,70,453.6,92.8,500,268,0.435333118439981,0.09987798644148567,0.5357991661840125,0.005818131807030062,197.46710252437543,47.008772001672554,238.12694546422455,107.06666117101409,197.46710252437543,47.008772001672554,238.12694546422455,107.06666117101409,-0.027821409,0.6640455,0.9953033,-0.997299,5,197.46710252437543,0.012511524138972163,467.96168157993816,638.106400604127,0.011814174940809608,0.0076816510409116745,6.608586879912764,1112.7086764140986,10273.195887862705,13
40800,0.0063367663,0.006869112,3.1987185,4.2192383,1.6648186,8.00907,1.5055531,4.223057,1.6557916,8.043931,1.5557377,4.2268057,1.6584208,8.061406,1.5879123,7.497814,4.4590597,17.579412,-2.9454844,-0.21776538,1.5405684,3.235874,-3.3693268,-0.8284636,0.38407767,0.15985098,-2.0373063,0.0016582035459578037,3.1869754791259766,40800,87,500.0,0.0,500,500,0.42062215881776976,0.08630914769864696,0.5366329073368381,0.005711928815849582,210.31107940888495,26.47969037169531,242.31449607932382,173.43913537636885,0.06760788,0.6744863,0.9993023,-0.9993289,5,210.31107940888495,37268,75,500.0,0.0,500,500,0.42357619205639896,0.09155761712844204,0.547568375563389,0.006343877200728688,211.78809602819948,27.727762422112356,254.47245715390136,170.4992421938856,211.78809602819948,27.727762422112356,254.47245715390136,170.4992421938856,0.050330497,0.6539256,0.9962219,-0.99770856,5,211.78809602819948,0.012350530130788684,348.3346963787917,482.23140003788285,0.011249170871451497,0.005141905974596739,6.7861004311125726,837.380938454764,11110.5784259988,14
43300,0.00906456,0.010711855,1.9651508,4.683444,2.1574001,8.671367,2.0277565,4.7156043,2.1606705,8.700284,2.0890536,4.663704,2.132029,8.423585,2.0225475,6.7285037,5.4268756,22.415903,-4.935611,0.02340442,1.4827787,4.8338885,-3.2466502,-0.7886609,0.44757375,0.74965155,-2.2077203,0.0018487363122403622,-1.7088632583618164,43300,92,500.0,0.0,500,500,0.39426063168202274,0.08364252977861526,0.5389595232073872,0.006054127195803429,197.13031584101137,19.710173027053873,223.8378593341983,174.234462529753,0.04019417,0.685302,0.99974525,-0.9992109,5,197.13031584101137,39768,80,500.0,0.0,500,500,0.41365460898254586,0.08375181488888421,0.5353732844746746,0.00730141445964919,206.82730449127288,26.140501701993102,243.6618058837318,178.8490016584864,206.82730449127288,26.140501701993102,243.6618058837318,178.8490016584864,0.06415035,0.69032997,0.9966705,-0.9906052,5,206.82730449127288,0.012440124992281199,335.34843469108455,539.3758273851126,0.011776769999414682,0.007635577116161585,6.682103832019493,881.4382183803245,11992.018271128181,15
45800,0.010133317,0.008214342,2.2006702,4.849561,2.0880451,8.721404,1.5361058,4.845534,2.0808613,8.77089,1.5549268,4.849691,2.0698092,8.745294,1.5468601,7.1465383,5.3515725,20.28485,-5.4193296,-0.19806412,1.5028174,3.522023,-3.5672817,-0.8275878,0.3508034,0.25431675,-2.0169296,0.0019307044567540288,0.9158756732940674,45800,97,500.0,0.0,500,500,0.4070297263784621,0.1231544199585251,0.5493088503606057,0.006016975715908283,203.51486318923102,44.77350163379715,254.67189851848215,148.24257355064287,0.023550708,0.5917702,0.99943167,-0.9988715,5,203.51486318923102,42268,85,500.0,0.0,500,500,0.40223379061267445,0.12052184233408164,0.5419536363852672,0.0068557375805722645,201.11689530633726,44.58201784152128,246.48741700715453,118.23623668294861,201.11689530633726,44.58201784152128,246.48741700715453,118.23623668294861,0.006210404,0.6356754,0.9945632,-0.9924025,5,201.11689530633726,0.012545340927317739,618.9572481969371,712.2934343048837,0.012214116053655744,0.008340721018612385,6.781037811888382,1338.0648204917088,13330.08487608959,16
48300,0.011312794,0.007873147,1.450093,5.2417574,2.2839186,9.089255,1.944126,5.264433,2.2939787,9.166055,1.992567,5.3082695,2.303273,9.126164,1.9853671,6.786269,4.723612,16.9244,-5.087741,-0.14077385,1.4821651,3.3844209,-3.1389513,-0.8235197,0.39806414,0.27959222,-1.9347358,0.002092782175168395,-1.3185852766036987,48300,102,500.0,0.0,500,500,0.4481186970167622,0.08077225944660991,0.5418043926226815,0.005740420592029889,224.05934850838122,10.627375858482885,237.05394090402464,208.06961892269413,0.07398143,0.6104622,0.99950385,-0.9996559,5,224.05934850838122,44768,90,500.0,0.0,500,500,0.41983175586325117,0.09380992414376411,0.5421911464494469,0.005123365574112555,209.91587793162552,22.801394928046573,245.9361679375628,175.89037149096592,209.91587793162552,22.801394928046573,245.9361679375628,175.89037149096592,0.04736014,0.6316046,0.9969656,-0.99958575,5,209.91587793162552,0.0129462368786335,513.9527447279543,629.6309332109522,0.011850873939692974,0.007961616851389408,7.001322192139924,1150.6177588587161,14480.704490757314,17
50800,0.006892812,0.009133955,-0.73409355,5.975576,2.4885693,9.610384,1.5086969,5.994857,2.492434,9.623214,1.5930641,5.968008,2.4799538,9.552407,1.5305408,5.3267703,5.154039,20.58823,-3.7083943,-0.25918132,1.3516381,3.580483,-3.722898,-0.81810266,0.38454804,0.239052,-2.1209583,0.002136751776561141,-10.286083221435547,50800,108,416.6666666666667,120.43762793339225,500,207,0.3900172645003642,0.09971348194291269,0.532060299031595,0.005221102981315331,162.50719354181845,61.68320622411006,236.63701546903997,66.17623157218263,0.07641699,0.62617034,0.9999713,-0.99961877,6,162.50719354181845,47268,95,500.0,0.0,500,500,0.43986429389712295,0.10298201802360102,0.5320235941278729,0.004963111226567858,219.93214694856155,37.10755829017796,253.9765177876659,147.72015677956867,219.93214694856155,37.10755829017796,253.9765177876659,147.72015677956867,0.0068491595,0.52709424,0.9980142,-0.9931375,5,219.93214694856155,0.01281065889634192,377.12832857016474,742.9163656269666,0.012161297956481576,0.007755182916298509,7.080069378949702,1127.1574907158501,15607.863627122948,18
53300,0.013916992,0.012331983,0.48067847,6.157411,2.5149915,9.949031,1.9141148,6.149317,2.5149555,9.916148,1.8849369,6.1631894,2.5245845,9.928899,1.9106221,6.726783,4.6760674,21.195742,-4.0237174,-0.24649324,1.4660425,3.5553596,-3.8717523,-0.83739656,0.34623492,0.06651276,-2.315702,0.002333221258595586,-1.655991792678833,53300,114,416.6666666666667,118.08989043191725,500,237,0.3891785660909541,0.11807843441176867,0.5440240314926521,0.005509837091862993,162.15773587123087,44.71736828612304,217.6403309162499,105.44484348559105,-0.10128278,0.61796606,0.9989707,-0.99942344,6,162.15773587123087,49768,100,500.0,0.0,500,500,0.426898202204104,0.07974517262828307,0.538455919388106,0.006790185540182778,213.449101102052,20.435702915324942,233.1831276630781,184.6236180419183,213.449101102052,20.435702915324942,233.1831276630781,184.6236180419183,0.003702498,0.5146151,0.9835123,-0.9959434,5,213.449101102052,0.01270996406674385,423.37609431287274,759.6238373520318,0.012456998927518725,0.006516369059681892,6.579743965994567,1189.611358962953,16797.47670687316,19
55800,0.0137917595,0.012441481,0.76335996,6.127139,2.4696105,10.398764,1.8956956,6.139902,2.4664893,10.442062,1.8437856,6.118809,2.461791,10.385315,1.8626419,7.0089145,4.7047215,17.260832,-4.850866,-0.18215057,1.4823807,3.3923888,-3.5456462,-0.8735291,0.36300582,0.03918633,-2.1816378,0.002377158962190151,0.053849220275878906,55800,119,500.0,0.0,500,500,0.4440802626484128,0.08565312729368404,0.5380244841841423,0.005393969569670245,222.04013132420633,23.645230779150808,245.75388275002942,177.68444186578714,0.0034784074,0.6290751,0.99988025,-0.998536,5,222.04013132420633,52077,105,461.8,76.39999999999999,500,309,0.4448988659499223,0.08924051379582697,0.5427110229198767,0.005926394870249968,205.45429629567417,41.53049748581274,241.18665338238725,129.26705769689357,205.45429629567417,41.53049748581274,241.18665338238725,129.26705769689357,-0.032172207,0.5602703,0.99960667,-0.99873126,5,205.45429629567417,0.012561816954985261,500.5579954360146,665.5950859459117,0.010718418983742595,0.005178463878110051,6.56144162802957,1172.7429817097727,17970.221568310633,20
58300,0.012451464,0.014577119,-0.0145383105,7.050723,2.4959342,10.794298,1.9636642,7.0729156,2.5173173,10.736675,2.024396,7.0649624,2.4964314,10.817902,2.041717,7.1699657,5.004315,19.075436,-3.5532627,-0.25481755,1.4747155,3.452062,-3.6743257,-0.90220946,0.34623906,0.11975026,-2.350955,0.002480835421010852,1.0196183919906616,58300,125,416.6666666666667,159.4392953098103,500,64,0.4314300855047312,0.1040100715443858,0.5382656975601733,0.0074356689927260865,179.7625356269714,77.72861613149945,243.49176160103218,20.7778480882682,-0.014353124,0.5961972,0.9998582,-0.999933,6,179.7625356269714,54577,110,500.0,0.0,500,500,0.42124436615509747,0.0930973168424205,0.5405275875028074,0.006376074415647437,210.62218307754875,29.171530265880584,249.26186364054536,175.34188966634284,210.62218307754875,29.171530265880584,249.26186364054536,175.34188966634284,-0.0017245789,0.5193541,0.99735415,-0.9927325,5,210.62218307754875,0.012695117853581905,521.2641072450206,692.6204004338942,0.011138556990772486,0.0051416209898889065,6.190101564861834,1220.103584539611,19190.326769770356,21
60800,0.010239491,0.0077211745,-0.63015556,6.8574696,2.9091222,10.983528,1.9565785,6.849166,2.9227247,10.980248,1.951034,6.861521,2.9310215,11.016202,1.9542197,6.33025,4.3144755,21.298054,-3.95927,-0.2883427,1.422588,3.1324043,-3.4087238,-0.8172861,0.35934246,0.1426546,-2.0897696,0.002636330435052514,-3.9772164821624756,60800,131,416.6666666666667,163.38366571423907,500,54,0.4462621313520505,0.08728765273942829,0.5348429705628656,0.011099757225791684,185.94255473002104,78.23845613576466,246.4954746984577,17.153930570195172,0.019727768,0.5886863,0.9992919,-0.999282,6,185.94255473002104,57077,115,500.0,0.0,500,500,0.4387580538576316,0.09149997651051642,0.5372699109379719,0.0054043904471279556,219.37902692881576,25.441207936840627,245.00528883954001,177.57072699880908,219.37902692881576,25.441207936840627,245.00528883954001,177.57072699880908,-0.003970994,0.5753532,0.99705845,-0.99793196,5,219.37902692881576,0.012957786908373237,517.6136026359163,741.5315286789555,0.011324139079079032,0.005188375944271684,7.005925309844315,1266.1805269266479,20456.508885070914,22
63300,0.018087406,0.023492929,0.14828184,6.7358246,2.9437294,11.497443,1.9672498,6.748258,2.9249337,11.435255,1.9876372,6.784014,2.9520109,11.522478,1.9539319,6.9896107,4.671077,17.540264,-4.738161,-0.30924872,1.458688,3.5379798,-3.9672651,-0.79057115,0.37086338,0.6382033,-2.0137687,0.0027326145209372044,-0.06131976842880249,63300,136,500.0,0.0,500,500,0.39785317206994136,0.09905685326768268,0.5417196998981159,0.006755029609875714,198.92658603497065,36.06465912363075,241.75997740495964,147.394854559735,-0.042038217,0.5732667,0.9997454,-0.99968433,5,198.92658603497065,59388,120,462.2,75.6,500,311,0.42564276926412037,0.10059669490493035,0.5461712251041945,0.006138236987232066,196.73208795387652,40.22196448080869,247.31085673769806,134.63458309793782,196.73208795387652,40.22196448080869,247.31085673769806,134.63458309793782,-0.035045005,0.574877,0.99559045,-0.99937916,5,196.73208795387652,0.012800146825611591,621.6852103509009,570.3136356989853,0.010844975942745805,0.006441020872443914,6.869414299959317,1198.8983464934863,21655.408848085208,23
65800,0.010759253,0.0098732775,-2.081582,8.148311,3.034969,11.847442,2.0143614,8.156706,3.0444121,11.887109,1.9894731,8.144783,3.041983,11.900537,1.9859465,6.1686397,4.0586314,17.542631,-8.377549,-0.15021582,1.3848771,3.5421567,-3.0792172,-0.93122756,0.37911853,0.294187,-2.2009373,0.002701063407585025,-4.916619300842285,65800,144,312.5,177.3485269180435,500,33,0.4458056188186747,0.096204309978445,0.5456517098045206,0.006467578350219177,139.31425588083587,85.6242398228322,245.29103371564673,7.945338442518119,0.054209378,0.61836797,0.9999379,-0.99970895,8,139.31425588083587,61888,125,500.0,0.0,500,500,0.4594854055782922,0.07320694663071418,0.5422518832553856,0.00650101818462776,229.74270278914605,16.15667928435185,240.74999097413811,197.7684718651835,229.74270278914605,16.15667928435185,240.74999097413811,197.7684718651835,-0.022354642,0.5305241,0.9986921,-0.99371034,5,229.74270278914605,0.012617100030183792,426.8975907531567,745.8094258918427,0.01277036895044148,0.008713189978152514,6.788706501945853,1179.529823805904,22834.940283756936,24
68300,0.015021034,0.013009088,-0.50211763,7.5397635,3.2426827,12.329058,1.7273048,7.535906,3.247503,12.296158,1.7419344,7.5706654,3.2459764,12.200559,1.7505897,7.167268,5.491774,24.273773,-4.0316877,-0.38214365,1.4617231,3.671216,-5.092116,-0.8856879,0.37263206,0.2927577,-2.176446,0.002716346876695752,0.9883072376251221,68300,149,500.0,0.0,500,500,0.43145169127006794,0.08435177760265788,0.5377470955439058,0.010002652261196182,215.72584563503386,18.557413067871664,234.3951582650592,182.66323543695006,-0.07884326,0.5315247,0.998942,-0.999542,5,215.72584563503386,64388,130,500.0,0.0,500,500,0.40866492542357735,0.07822734925165777,0.5367983228217611,0.007515471793401386,204.33246271178868,19.914046238611082,233.14372820296478,179.98781223660524,204.33246271178868,19.914046238611082,233.14372820296478,179.98781223660524,-0.07514218,0.45145947,0.98847103,-0.9919374,5,204.33246271178868,0.013079517986625433,397.4210357959382,678.8730975207873,0.012551204999908805,0.006690772948786616,6.927623795112595,1083.2540786077734,23918.19607387064,25
70800,0.016078014,0.016420972,-2.2131243,8.8136835,3.096995,12.608945,1.8561137,8.73871,3.0765963,12.442559,1.8980358,8.778005,3.0963428,12.515368,1.8414356,6.685433,4.4976344,17.020565,-3.329958,-0.19208618,1.4455655,3.6827273,-3.4755998,-0.95094985,0.3726842,0.099726915,-2.2342207,0.002634945325553417,-1.8682782649993896,70800,154,500.0,0.0,500,500,0.4249813881594586,0.08276000734320661,0.5464336356005158,0.00737045513605898,212.49069407972934,23.515590457644834,242.567350762768,189.86526614627806,-0.0936563,0.54429746,0.99940044,-0.9996104,5,212.49069407972934,66888,135,500.0,0.0,500,500,0.4302759765267295,0.08651413322533319,0.5438000100183064,0.005276039420549949,215.13798826336475,24.168548349004354,244.7389316067499,184.08042114089582,215.13798826336475,24.168548349004354,244.7389316067499,184.08042114089582,-0.17168073,0.43610227,0.99588317,-0.99600434,5,215.13798826336475,0.013556604040786624,379.48020141385496,602.7390692827757,0.011535361874848604,0.0076116390991955996,6.559541946975514,988.811516248621,24907.009185366333,26
73300,0.015424495,0.017094903,-2.347497,8.945617,3.3129723,12.991852,1.8725183,8.957743,3.3113065,12.971481,1.8776402,8.936832,3.313689,12.96615,1.8678571,6.687369,3.9467895,16.545347,-3.217299,-0.032999866,1.3811556,3.5248249,-3.1132493,-0.9326796,0.371814,0.16476518,-2.1868925,0.0025965210516005754,-1.8611681461334229,73300,160,416.6666666666667,149.38503569263185,500,91,0.4467658996516562,0.09208626528541047,0.5385991722325174,0.005887578921513301,186.15245818819002,70.65504243887337,250.87753902936487,36.21104748096736,0.10720307,0.58499247,0.99907225,-0.9990272,6,186.15245818819002,68918,140,406.0,188.0,500,30,0.48077314545803435,0.08286237334769177,0.5459212002004281,0.006826877585814718,195.1938970559619,94.75523572708393,248.40662740634968,5.9902090153941705,195.1938970559619,94.75523572708393,248.40662740634968,5.9902090153941705,0.07711423,0.54585737,0.99846137,-0.9975672,5,195.1938970559619,0.012569742975756526,523.5450219528284,698.4899243658874,0.010622899979352951,0.007682396098971367,6.246822524117306,1228.3126438818872,26135.32349472749,27
75800,0.009871188,0.012719642,-2.9205086,9.431843,3.2944982,13.419456,2.1068683,9.447794,3.2922227,13.377972,2.0760365,9.427605,3.3003323,13.245769,2.0991764,6.651088,4.463125,18.967396,-2.2656703,-0.22274713,1.4021907,4.9585505,-3.4167974,-0.9371305,0.37464136,0.04783547,-2.1607394,0.0025868460070341825,-2.0786569118499756,75800,165,500.0,0.0,500,500,0.4492696587496841,0.07963124582264308,0.5489310483718309,0.00854211180817723,224.63482937484204,15.482380576737597,240.13606391123108,202.68731781837172,0.0031963375,0.5292109,0.9992876,-0.99894154,5,224.63482937484204,71418,145,500.0,0.0,500,500,0.44708310653256006,0.09021258682021278,0.549046030492191,0.0058408523172631755,223.54155326628012,29.41388463024047,254.25528615009785,168.39135664791894,223.54155326628012,29.41388463024047,254.25528615009785,168.39135664791894,-0.0851255,0.46444705,0.99641806,-0.99597126,5,223.54155326628012,0.012842392083257437,407.6321895471774,718.2556977099739,0.012097042985260487,0.007680715061724186,6.757512757787481,1132.678020165069,27268.00313505833,28
78300,0.028235832,0.023738155,-3.7274504,9.800367,3.1248612,13.724162,1.9107733,9.834451,3.152176,13.770214,1.8948925,9.850924,3.1551957,13.81872,1.9073286,6.2007055,4.703546,22.674717,-3.1129942,-0.2693286,1.393675,3.6657455,-3.6335201,-0.96629006,0.3984107,0.051716685,-2.283649,0.0026545883156359196,-4.741378307342529,78300,170,500.0,0.0,500,500,0.4517463705601027,0.08334817205183237,0.5411679303058159,0.006222169824330839,225.87318528005125,15.150641550357923,245.18973164381123,206.18771144142272,0.009032622,0.49124458,0.99942595,-0.99851894,5,225.87318528005125,73918,150,500.0,0.0,500,500,0.45419734451679694,0.079316891190873,0.5360468490860948,0.005658357235256596,227.09867225839852,13.070497994362288,251.46886001831203,215.37303874922293,227.09867225839852,13.070497994362288,251.46886001831203,215.37303874922293,-0.0945275,0.48878995,0.99305344,-0.99385357,5,227.09867225839852,0.012904705945402384,652.5125148410443,645.06370860897,0.011189538985490799,0.007199994055554271,6.621524007059634,1304.2290416960604,28572.233852054458,29
80800,0.012777123,0.01196381,-2.8642523,10.386831,3.3163707,14.152405,1.7414308,10.356482,3.3096206,14.039729,1.8273538,10.353978,3.3250318,14.09259,1.7725296,7.631565,4.848776,25.211346,-4.6438837,-0.08378334,1.4684085,3.9788802,-4.235006,-0.9967552,0.40042192,0.18317497,-2.3124375,0.002564279129728675,3.7681233882904053,80800,175,500.0,0.0,500,500,0.4422953932950787,0.08196245078570256,0.5372356195557625,0.010379146788867219,221.1476966475393,12.690815639229648,241.44629946490215,210.60813261128516,-0.011740114,0.52108276,0.99911565,-0.99929637,5,221.1476966475393,76418,155,500.0,0.0,500,500,0.3893926302701661,0.08308385427140752,0.5455670612912564,0.006549006805195754,194.69631513508307,19.94339830147123,227.08284345158722,165.28902230771573,194.69631513508307,19.94339830147123,227.08284345158722,165.28902230771573,-0.045004614,0.48293597,0.99697554,-0.9967637,5,194.69631513508307,0.013057800009846687,435.0664961261209,657.1049619170371,0.011391598032787442,0.00519066397100687,7.2212542907800525,1099.4223523959517,29671.657831803197,30
83300,0.020660307,0.013501508,-4.8852587,10.997957,3.202965,14.272428,1.9898049,11.059467,3.2243328,14.387658,2.0090647,11.081612,3.237383,14.390721,1.9908684,6.2500343,4.5935636,18.988712,-5.527181,-0.22282705,1.3284993,3.3164334,-3.5925527,-1.0251528,0.3947875,0.24049973,-2.5816884,0.0025952879805117846,-4.464812278747559,83300,180,500.0,0.0,500,500,0.42425741804522366,0.0861089291942237,0.5398158440614189,0.005370010740361773,212.12870902261176,18.544530147225437,235.39421124293995,183.80638502825823,0.00869797,0.49144438,0.99770814,-0.9974056,5,212.12870902261176,78436,160,403.6,192.79999999999998,500,18,0.47750915836962343,0.08041520464741433,0.5374004218190429,0.006670583011206203,192.72269631798002,95.03378224447636,254.35307532658655,4.072959501344985,192.72269631798002,95.03378224447636,254.35307532658655,4.072959501344985,-0.04175981,0.4460023,0.99521786,-0.9932079,5,192.72269631798002,0.012502895900979638,395.1840782640502,618.0003747919109,0.011712248204275966,0.008391407085582614,6.799584470922127,1020.016644078074,30691.676233248087,31
85800,0.019140348,0.024909034,-3.863061,10.612447,3.5573254,14.723639,2.573595,10.576294,3.546247,14.6181135,2.5338452,10.642646,3.5587285,14.749214,2.5634813,6.8665657,4.9868345,20.506332,-3.527166,-0.22453651,1.4050609,3.2764814,-4.423318,-0.9891636,0.38848782,0.2105248,-2.3585477,0.0025752498768270016,-0.7954541444778442,85800,185,500.0,0.0,500,500,0.4350708844886899,0.08261968083661536,0.5405031408048543,0.006762555328000117,217.5354422443449,19.49917856276043,241.3169603778349,188.7922082281998,0.09553848,0.52997375,0.9993752,-0.9961807,5,217.5354422443449,80936,165,500.0,0.0,500,500,0.4290159187729251,0.07841565156554861,0.5455730250905921,0.008869156270315879,214.50795938646243,15.334855181397366,235.8903178377193,190.8746602426827,214.50795938646243,15.334855181397366,235.8903178377193,190.8746602426827,0.031280406,0.43239704,0.99832016,-0.9989463,5,214.50795938646243,0.012754926923662424,430.2886950701941,710.8627401439007,0.011408305959776044,0.005255591822788119,6.845641496125609,1148.0264955349267,31839.70456408453,32
88300,0.01237677,0.013211996,-4.8016925,11.706949,3.2834067,15.023686,1.7112223,11.674833,3.2855875,14.997956,1.7499706,11.68424,3.2793312,15.011116,1.7833034,7.0150137,4.6458197,21.244972,-1.7730216,-0.09156866,1.4575267,3.6661031,-3.9227757,-0.9705609,0.38467687,0.38444364,-2.2086806,0.002768699312582612,0.08842062950134277,88300,192,357.14285714285717,204.6986834847947,500,22,0.4398663575488614,0.09206603781540136,0.5468682010076963,0.004728956551346069,157.09512769602193,93.17387291564619,227.0956794098683,4.471667487266554,0.010033871,0.5719569,0.9998683,-0.99981326,7,157.09512769602193,83288,170,470.4,36.39010854614204,500,421,0.4401691212398796,0.08270761729370397,0.5420463108335587,0.007162206648862341,207.05555463123954,18.669538319908227,230.68818609768388,177.7692504067497,207.05555463123954,18.669538319908227,230.68818609768388,177.7692504067497,-0.0043463106,0.52787894,0.9973664,-0.99923754,5,207.05555463123954,0.012809004867449403,500.38273187913,662.402137869969,0.013603139901533723,0.005706300027668476,6.947407090803608,1169.7643952846993,33009.47057839017,33
